video_name,timestamp,label
000,0.0,c
000,0.08333333333333333,c
000,0.16666666666666666,c
000,0.25,c
000,0.3333333333333333,c
000,0.4166666666666667,c
000,0.5,c
000,0.5833333333333334,c
000,0.6666666666666666,c
000,0.75,c
000,0.8333333333333334,c
000,0.9166666666666666,c
000,1.0,c
000,1.0833333333333333,c
000,1.1666666666666667,c
000,1.25,c
000,1.3333333333333333,c
000,1.4166666666666667,c
000,1.5,c
000,1.5833333333333333,c
000,1.6666666666666667,c
000,1.75,c
000,1.8333333333333333,c
000,1.9166666666666667,c
000,2.0,c
000,2.0833333333333335,c
000,2.1666666666666665,c
000,2.25,c
000,2.3333333333333335,c
000,2.4166666666666665,c
000,2.5,c
000,2.5833333333333335,c
000,2.6666666666666665,c
000,2.75,c
000,2.8333333333333335,c
000,2.9166666666666665,c
000,3.0,c
000,3.0833333333333335,c
000,3.1666666666666665,c
000,3.25,c
000,3.3333333333333335,c
000,3.4166666666666665,c
000,3.5,c
000,3.5833333333333335,c
000,3.6666666666666665,c
000,3.75,c
000,3.8333333333333335,c
000,3.9166666666666665,c
000,4.0,c
000,4.083333333333333,c
000,4.166666666666667,c
000,4.25,c
000,4.333333333333333,c
000,4.416666666666667,c
000,4.5,c
000,4.583333333333333,c
000,4.666666666666667,c
000,4.75,c
000,4.833333333333333,c
000,4.916666666666667,c
000,5.0,c
000,5.083333333333333,c
000,5.166666666666667,c
000,5.25,c
000,5.333333333333333,c
000,5.416666666666667,c
000,5.5,c
000,5.583333333333333,c
000,5.666666666666667,c
000,5.75,c
000,5.833333333333333,c
000,5.916666666666667,c
000,6.0,c
000,6.083333333333333,c
000,6.166666666666667,c
000,6.25,c
000,6.333333333333333,c
000,6.416666666666667,c
000,6.5,c
000,6.583333333333333,c
000,6.666666666666667,c
000,6.75,c
000,6.833333333333333,c
000,6.916666666666667,c
000,7.0,c
000,7.083333333333333,c
000,7.166666666666667,c
000,7.25,c
000,7.333333333333333,c
000,7.416666666666667,c
000,7.5,c
000,7.583333333333333,c
000,7.666666666666667,c
000,7.75,c
000,7.833333333333333,c
000,7.916666666666667,c
000,8.0,c
000,8.083333333333334,c
000,8.166666666666666,c
000,8.25,c
000,8.333333333333334,c
000,8.416666666666666,c
000,8.5,c
000,8.583333333333334,c
000,8.666666666666666,c
000,8.75,c
000,8.833333333333334,c
000,8.916666666666666,c
000,9.0,c
000,9.083333333333334,c
000,9.166666666666666,c
000,9.25,c
000,9.333333333333334,c
000,9.416666666666666,c
000,9.5,c
000,9.583333333333334,c
000,9.666666666666666,c
000,9.75,c
000,9.833333333333334,c
000,9.916666666666666,c
000,10.0,c
000,10.083333333333334,c
000,10.166666666666666,c
000,10.25,c
000,10.333333333333334,c
000,10.416666666666666,c
000,10.5,c
000,10.583333333333334,c
000,10.666666666666666,c
000,10.75,c
000,10.833333333333334,c
000,10.916666666666666,c
000,11.0,c
000,11.083333333333334,c
000,11.166666666666666,c
000,11.25,c
000,11.333333333333334,c
000,11.416666666666666,c
000,11.5,c
000,11.583333333333334,c
000,11.666666666666666,c
000,11.75,c
000,11.833333333333334,c
000,11.916666666666666,c
000,12.0,c
000,12.083333333333334,c
000,12.166666666666666,c
000,12.25,c
000,12.333333333333334,c
000,12.416666666666666,c
000,12.5,c
000,12.583333333333334,c
000,12.666666666666666,c
000,12.75,c
000,12.833333333333334,c
000,12.916666666666666,c
000,13.0,c
000,13.083333333333334,c
000,13.166666666666666,c
000,13.25,c
000,13.333333333333334,c
000,13.416666666666666,c
000,13.5,c
000,13.583333333333334,c
000,13.666666666666666,c
000,13.75,c
000,13.833333333333334,c
000,13.916666666666666,c
000,14.0,c
000,14.083333333333334,c
000,14.166666666666666,c
000,14.25,c
000,14.333333333333334,c
000,14.416666666666666,c
000,14.5,c
000,14.583333333333334,c
000,14.666666666666666,c
000,14.75,c
000,14.833333333333334,c
000,14.916666666666666,c
000,15.0,c
000,15.083333333333334,c
000,15.166666666666666,c
000,15.25,c
000,15.333333333333334,c
000,15.416666666666666,c
000,15.5,c
000,15.583333333333334,c
000,15.666666666666666,c
000,15.75,c
000,15.833333333333334,c
000,15.916666666666666,c
000,16.0,c
000,16.083333333333332,c
000,16.166666666666668,c
000,end,c
001,0.0,c
001,0.08333333333333333,c
001,0.16666666666666666,c
001,0.25,c
001,0.3333333333333333,c
001,0.4166666666666667,c
001,0.5,c
001,0.5833333333333334,c
001,0.6666666666666666,c
001,0.75,c
001,0.8333333333333334,c
001,0.9166666666666666,c
001,1.0,c
001,1.0833333333333333,c
001,1.1666666666666667,c
001,1.25,c
001,1.3333333333333333,c
001,1.4166666666666667,c
001,1.5,c
001,1.5833333333333333,c
001,1.6666666666666667,c
001,1.75,c
001,1.8333333333333333,c
001,1.9166666666666667,c
001,2.0,c
001,2.0833333333333335,c
001,2.1666666666666665,c
001,2.25,c
001,2.3333333333333335,c
001,2.4166666666666665,c
001,2.5,c
001,2.5833333333333335,c
001,2.6666666666666665,c
001,2.75,c
001,2.8333333333333335,c
001,2.9166666666666665,c
001,3.0,c
001,3.0833333333333335,c
001,3.1666666666666665,c
001,3.25,c
001,3.3333333333333335,c
001,3.4166666666666665,c
001,3.5,c
001,3.5833333333333335,c
001,3.6666666666666665,c
001,3.75,c
001,3.8333333333333335,c
001,3.9166666666666665,c
001,4.0,c
001,4.083333333333333,c
001,4.166666666666667,c
001,4.25,c
001,4.333333333333333,c
001,4.416666666666667,c
001,4.5,c
001,4.583333333333333,c
001,4.666666666666667,c
001,4.75,c
001,4.833333333333333,c
001,4.916666666666667,c
001,5.0,c
001,5.083333333333333,c
001,5.166666666666667,c
001,5.25,c
001,5.333333333333333,c
001,5.416666666666667,c
001,5.5,c
001,5.583333333333333,c
001,5.666666666666667,c
001,5.75,c
001,5.833333333333333,c
001,5.916666666666667,c
001,6.0,c
001,6.083333333333333,c
001,6.166666666666667,c
001,6.25,c
001,6.333333333333333,c
001,6.416666666666667,c
001,6.5,c
001,6.583333333333333,c
001,6.666666666666667,c
001,6.75,c
001,6.833333333333333,c
001,6.916666666666667,c
001,7.0,c
001,7.083333333333333,c
001,7.166666666666667,c
001,7.25,c
001,7.333333333333333,c
001,7.416666666666667,c
001,7.5,c
001,7.583333333333333,c
001,7.666666666666667,c
001,7.75,c
001,7.833333333333333,c
001,7.916666666666667,c
001,8.0,c
001,8.083333333333334,c
001,8.166666666666666,c
001,8.25,c
001,8.333333333333334,c
001,8.416666666666666,c
001,8.5,c
001,8.583333333333334,c
001,8.666666666666666,c
001,8.75,c
001,8.833333333333334,c
001,8.916666666666666,c
001,9.0,c
001,9.083333333333334,c
001,9.166666666666666,c
001,9.25,c
001,9.333333333333334,c
001,9.416666666666666,c
001,9.5,c
001,9.583333333333334,c
001,9.666666666666666,c
001,9.75,c
001,9.833333333333334,c
001,9.916666666666666,c
001,10.0,c
001,10.083333333333334,c
001,10.166666666666666,c
001,10.25,c
001,10.333333333333334,c
001,10.416666666666666,c
001,10.5,c
001,10.583333333333334,c
001,10.666666666666666,c
001,10.75,c
001,10.833333333333334,c
001,10.916666666666666,c
001,11.0,c
001,11.083333333333334,c
001,11.166666666666666,c
001,11.25,c
001,11.333333333333334,c
001,11.416666666666666,c
001,11.5,c
001,11.583333333333334,c
001,11.666666666666666,c
001,11.75,c
001,11.833333333333334,c
001,11.916666666666666,c
001,12.0,c
001,12.083333333333334,c
001,12.166666666666666,c
001,12.25,c
001,12.333333333333334,c
001,12.416666666666666,c
001,12.5,c
001,12.583333333333334,c
001,12.666666666666666,c
001,12.75,c
001,12.833333333333334,c
001,12.916666666666666,c
001,13.0,c
001,13.083333333333334,c
001,13.166666666666666,c
001,13.25,c
001,13.333333333333334,c
001,13.416666666666666,c
001,13.5,c
001,13.583333333333334,c
001,13.666666666666666,c
001,13.75,c
001,13.833333333333334,c
001,13.916666666666666,c
001,14.0,c
001,14.083333333333334,c
001,14.166666666666666,c
001,14.25,c
001,14.333333333333334,c
001,14.416666666666666,c
001,14.5,c
001,14.583333333333334,c
001,14.666666666666666,c
001,14.75,c
001,14.833333333333334,c
001,14.916666666666666,c
001,15.0,c
001,15.083333333333334,c
001,15.166666666666666,c
001,15.25,c
001,15.333333333333334,c
001,15.416666666666666,c
001,15.5,c
001,15.583333333333334,c
001,15.666666666666666,c
001,15.75,c
001,15.833333333333334,c
001,15.916666666666666,c
001,16.0,c
001,16.083333333333332,c
001,16.166666666666668,c
001,16.25,c
001,16.333333333333332,c
001,16.416666666666668,c
001,16.5,c
001,16.583333333333332,c
001,16.666666666666668,c
001,16.75,c
001,16.833333333333332,c
001,16.916666666666668,c
001,17.0,c
001,17.083333333333332,c
001,17.166666666666668,c
001,17.25,c
001,17.333333333333332,c
001,17.416666666666668,c
001,end,c
002,0.0,c
002,0.08333333333333333,c
002,0.16666666666666666,c
002,0.25,c
002,0.3333333333333333,c
002,0.4166666666666667,c
002,0.5,c
002,0.5833333333333334,c
002,0.6666666666666666,c
002,0.75,c
002,0.8333333333333334,c
002,0.9166666666666666,c
002,1.0,c
002,1.0833333333333333,c
002,1.1666666666666667,c
002,1.25,c
002,1.3333333333333333,c
002,1.4166666666666667,c
002,1.5,c
002,1.5833333333333333,c
002,1.6666666666666667,c
002,1.75,c
002,1.8333333333333333,c
002,1.9166666666666667,c
002,2.0,c
002,2.0833333333333335,c
002,2.1666666666666665,c
002,2.25,c
002,2.3333333333333335,c
002,2.4166666666666665,c
002,2.5,c
002,2.5833333333333335,c
002,2.6666666666666665,c
002,2.75,c
002,2.8333333333333335,c
002,2.9166666666666665,c
002,3.0,c
002,3.0833333333333335,c
002,3.1666666666666665,c
002,3.25,c
002,3.3333333333333335,c
002,3.4166666666666665,c
002,3.5,c
002,3.5833333333333335,c
002,3.6666666666666665,c
002,3.75,c
002,3.8333333333333335,c
002,3.9166666666666665,c
002,4.0,c
002,4.083333333333333,c
002,4.166666666666667,c
002,4.25,c
002,4.333333333333333,c
002,4.416666666666667,c
002,4.5,c
002,4.583333333333333,c
002,4.666666666666667,c
002,4.75,c
002,4.833333333333333,c
002,4.916666666666667,c
002,5.0,c
002,5.083333333333333,c
002,5.166666666666667,c
002,5.25,c
002,5.333333333333333,c
002,5.416666666666667,c
002,5.5,c
002,5.583333333333333,c
002,5.666666666666667,c
002,5.75,c
002,5.833333333333333,c
002,5.916666666666667,c
002,6.0,c
002,6.083333333333333,c
002,6.166666666666667,c
002,6.25,c
002,6.333333333333333,c
002,6.416666666666667,c
002,6.5,c
002,6.583333333333333,c
002,6.666666666666667,c
002,6.75,c
002,6.833333333333333,c
002,6.916666666666667,c
002,7.0,c
002,7.083333333333333,c
002,7.166666666666667,c
002,7.25,c
002,7.333333333333333,c
002,7.416666666666667,c
002,7.5,c
002,7.583333333333333,c
002,7.666666666666667,c
002,7.75,c
002,7.833333333333333,c
002,7.916666666666667,c
002,8.0,c
002,8.083333333333334,c
002,8.166666666666666,c
002,8.25,c
002,8.333333333333334,c
002,8.416666666666666,c
002,8.5,c
002,8.583333333333334,c
002,8.666666666666666,c
002,8.75,c
002,8.833333333333334,c
002,8.916666666666666,c
002,9.0,c
002,9.083333333333334,c
002,9.166666666666666,c
002,9.25,c
002,9.333333333333334,c
002,9.416666666666666,c
002,9.5,c
002,9.583333333333334,c
002,9.666666666666666,c
002,9.75,c
002,9.833333333333334,c
002,9.916666666666666,c
002,10.0,c
002,10.083333333333334,c
002,10.166666666666666,c
002,10.25,c
002,10.333333333333334,c
002,10.416666666666666,c
002,10.5,c
002,10.583333333333334,c
002,10.666666666666666,c
002,10.75,c
002,10.833333333333334,c
002,10.916666666666666,c
002,11.0,c
002,11.083333333333334,c
002,11.166666666666666,c
002,11.25,c
002,11.333333333333334,c
002,11.416666666666666,c
002,11.5,c
002,11.583333333333334,c
002,11.666666666666666,c
002,11.75,c
002,11.833333333333334,c
002,11.916666666666666,c
002,12.0,c
002,12.083333333333334,c
002,12.166666666666666,c
002,12.25,c
002,12.333333333333334,c
002,12.416666666666666,c
002,12.5,c
002,12.583333333333334,c
002,12.666666666666666,c
002,12.75,c
002,12.833333333333334,c
002,12.916666666666666,c
002,13.0,c
002,13.083333333333334,c
002,13.166666666666666,c
002,13.25,c
002,13.333333333333334,c
002,13.416666666666666,c
002,13.5,c
002,13.583333333333334,c
002,13.666666666666666,c
002,13.75,c
002,13.833333333333334,c
002,13.916666666666666,c
002,14.0,c
002,14.083333333333334,c
002,14.166666666666666,c
002,14.25,c
002,14.333333333333334,c
002,14.416666666666666,c
002,14.5,c
002,14.583333333333334,c
002,14.666666666666666,c
002,14.75,c
002,14.833333333333334,c
002,14.916666666666666,c
002,15.0,c
002,15.083333333333334,c
002,15.166666666666666,c
002,15.25,c
002,15.333333333333334,c
002,15.416666666666666,c
002,15.5,c
002,15.583333333333334,c
002,15.666666666666666,c
002,15.75,c
002,15.833333333333334,c
002,15.916666666666666,c
002,16.0,c
002,16.083333333333332,c
002,16.166666666666668,c
002,16.25,c
002,16.333333333333332,c
002,16.416666666666668,c
002,16.5,c
002,16.583333333333332,c
002,16.666666666666668,c
002,16.75,c
002,16.833333333333332,c
002,16.916666666666668,c
002,17.0,c
002,17.083333333333332,c
002,17.166666666666668,c
002,17.25,c
002,17.333333333333332,c
002,17.416666666666668,c
002,17.5,c
002,17.583333333333332,c
002,17.666666666666668,c
002,17.75,c
002,17.833333333333332,c
002,17.916666666666668,c
002,18.0,c
002,18.083333333333332,c
002,18.166666666666668,c
002,18.25,c
002,18.333333333333332,c
002,18.416666666666668,c
002,18.5,c
002,18.583333333333332,c
002,18.666666666666668,c
002,18.75,c
002,18.833333333333332,c
002,18.916666666666668,c
002,19.0,c
002,19.083333333333332,c
002,19.166666666666668,c
002,19.25,c
002,19.333333333333332,c
002,19.416666666666668,c
002,19.5,c
002,19.583333333333332,c
002,19.666666666666668,c
002,19.75,c
002,19.833333333333332,c
002,19.916666666666668,c
002,20.0,c
002,20.083333333333332,c
002,20.166666666666668,c
002,20.25,c
002,20.333333333333332,c
002,20.416666666666668,c
002,20.5,c
002,20.583333333333332,c
002,20.666666666666668,c
002,20.75,c
002,20.833333333333332,c
002,20.916666666666668,c
002,21.0,c
002,21.083333333333332,c
002,21.166666666666668,c
002,21.25,c
002,21.333333333333332,c
002,21.416666666666668,c
002,21.5,c
002,21.583333333333332,c
002,21.666666666666668,c
002,21.75,c
002,end,c
003,0.0,c
003,0.08333333333333333,c
003,0.16666666666666666,c
003,0.25,c
003,0.3333333333333333,c
003,0.4166666666666667,c
003,0.5,c
003,0.5833333333333334,c
003,0.6666666666666666,c
003,0.75,c
003,0.8333333333333334,c
003,0.9166666666666666,c
003,1.0,c
003,1.0833333333333333,c
003,1.1666666666666667,c
003,1.25,c
003,1.3333333333333333,c
003,1.4166666666666667,c
003,1.5,c
003,1.5833333333333333,c
003,1.6666666666666667,c
003,1.75,c
003,1.8333333333333333,c
003,1.9166666666666667,c
003,2.0,c
003,2.0833333333333335,c
003,2.1666666666666665,c
003,2.25,c
003,2.3333333333333335,c
003,2.4166666666666665,c
003,2.5,c
003,2.5833333333333335,c
003,2.6666666666666665,c
003,2.75,c
003,2.8333333333333335,c
003,2.9166666666666665,c
003,3.0,c
003,3.0833333333333335,c
003,3.1666666666666665,c
003,3.25,c
003,3.3333333333333335,c
003,3.4166666666666665,c
003,3.5,c
003,3.5833333333333335,c
003,3.6666666666666665,c
003,3.75,c
003,3.8333333333333335,c
003,3.9166666666666665,c
003,4.0,c
003,4.083333333333333,c
003,4.166666666666667,c
003,4.25,c
003,4.333333333333333,c
003,4.416666666666667,c
003,4.5,c
003,4.583333333333333,c
003,4.666666666666667,c
003,4.75,c
003,4.833333333333333,c
003,4.916666666666667,c
003,5.0,c
003,5.083333333333333,c
003,5.166666666666667,c
003,5.25,c
003,5.333333333333333,c
003,5.416666666666667,c
003,5.5,c
003,5.583333333333333,c
003,5.666666666666667,c
003,5.75,c
003,5.833333333333333,c
003,5.916666666666667,c
003,6.0,c
003,6.083333333333333,c
003,6.166666666666667,c
003,6.25,c
003,6.333333333333333,c
003,6.416666666666667,c
003,6.5,c
003,6.583333333333333,c
003,6.666666666666667,c
003,6.75,c
003,6.833333333333333,c
003,6.916666666666667,c
003,7.0,c
003,7.083333333333333,c
003,7.166666666666667,c
003,7.25,c
003,7.333333333333333,c
003,7.416666666666667,c
003,7.5,c
003,7.583333333333333,c
003,7.666666666666667,c
003,7.75,c
003,7.833333333333333,c
003,7.916666666666667,c
003,8.0,c
003,8.083333333333334,c
003,8.166666666666666,c
003,8.25,c
003,8.333333333333334,c
003,8.416666666666666,c
003,8.5,c
003,8.583333333333334,c
003,8.666666666666666,c
003,8.75,c
003,8.833333333333334,c
003,8.916666666666666,c
003,9.0,c
003,9.083333333333334,c
003,9.166666666666666,c
003,9.25,c
003,9.333333333333334,c
003,9.416666666666666,c
003,9.5,c
003,9.583333333333334,c
003,9.666666666666666,c
003,9.75,c
003,9.833333333333334,c
003,9.916666666666666,c
003,10.0,c
003,10.083333333333334,c
003,10.166666666666666,c
003,10.25,c
003,10.333333333333334,c
003,10.416666666666666,c
003,10.5,c
003,10.583333333333334,c
003,10.666666666666666,c
003,10.75,c
003,10.833333333333334,c
003,10.916666666666666,c
003,11.0,c
003,11.083333333333334,c
003,11.166666666666666,c
003,11.25,c
003,11.333333333333334,c
003,11.416666666666666,c
003,11.5,c
003,11.583333333333334,c
003,11.666666666666666,c
003,11.75,c
003,11.833333333333334,c
003,11.916666666666666,c
003,12.0,c
003,12.083333333333334,c
003,12.166666666666666,c
003,12.25,c
003,12.333333333333334,c
003,12.416666666666666,c
003,12.5,c
003,12.583333333333334,c
003,12.666666666666666,c
003,12.75,c
003,12.833333333333334,c
003,12.916666666666666,c
003,13.0,c
003,13.083333333333334,c
003,13.166666666666666,c
003,13.25,c
003,13.333333333333334,c
003,13.416666666666666,c
003,13.5,c
003,13.583333333333334,c
003,13.666666666666666,c
003,13.75,c
003,13.833333333333334,c
003,13.916666666666666,c
003,14.0,c
003,14.083333333333334,c
003,14.166666666666666,c
003,14.25,c
003,14.333333333333334,c
003,14.416666666666666,c
003,14.5,c
003,14.583333333333334,c
003,14.666666666666666,c
003,14.75,c
003,14.833333333333334,c
003,14.916666666666666,c
003,15.0,c
003,15.083333333333334,c
003,15.166666666666666,c
003,15.25,c
003,15.333333333333334,c
003,15.416666666666666,c
003,15.5,c
003,15.583333333333334,c
003,15.666666666666666,c
003,15.75,c
003,15.833333333333334,c
003,15.916666666666666,c
003,16.0,c
003,16.083333333333332,c
003,16.166666666666668,c
003,16.25,c
003,16.333333333333332,c
003,16.416666666666668,c
003,16.5,c
003,16.583333333333332,c
003,16.666666666666668,c
003,16.75,c
003,16.833333333333332,c
003,16.916666666666668,c
003,17.0,c
003,17.083333333333332,c
003,17.166666666666668,c
003,17.25,c
003,17.333333333333332,c
003,17.416666666666668,c
003,17.5,c
003,17.583333333333332,c
003,17.666666666666668,c
003,17.75,c
003,17.833333333333332,c
003,17.916666666666668,c
003,18.0,c
003,18.083333333333332,c
003,18.166666666666668,c
003,18.25,c
003,18.333333333333332,c
003,18.416666666666668,c
003,18.5,c
003,18.583333333333332,c
003,18.666666666666668,c
003,18.75,c
003,18.833333333333332,c
003,18.916666666666668,c
003,19.0,c
003,19.083333333333332,c
003,19.166666666666668,c
003,19.25,c
003,19.333333333333332,c
003,19.416666666666668,c
003,19.5,c
003,19.583333333333332,c
003,19.666666666666668,c
003,19.75,c
003,19.833333333333332,c
003,19.916666666666668,c
003,20.0,c
003,20.083333333333332,c
003,20.166666666666668,c
003,20.25,c
003,20.333333333333332,c
003,20.416666666666668,c
003,20.5,c
003,20.583333333333332,c
003,20.666666666666668,c
003,20.75,c
003,20.833333333333332,c
003,20.916666666666668,c
003,21.0,c
003,21.083333333333332,c
003,21.166666666666668,c
003,21.25,c
003,21.333333333333332,c
003,21.416666666666668,c
003,21.5,c
003,21.583333333333332,c
003,21.666666666666668,c
003,21.75,c
003,21.833333333333332,c
003,21.916666666666668,c
003,22.0,c
003,22.083333333333332,c
003,22.166666666666668,c
003,22.25,c
003,22.333333333333332,c
003,22.416666666666668,c
003,22.5,c
003,22.583333333333332,c
003,22.666666666666668,c
003,22.75,c
003,22.833333333333332,c
003,22.916666666666668,c
003,23.0,c
003,23.083333333333332,c
003,23.166666666666668,c
003,23.25,c
003,23.333333333333332,c
003,23.416666666666668,c
003,23.5,c
003,23.583333333333332,c
003,23.666666666666668,c
003,23.75,c
003,23.833333333333332,c
003,23.916666666666668,c
003,24.0,c
003,24.083333333333332,c
003,24.166666666666668,c
003,24.25,c
003,24.333333333333332,c
003,24.416666666666668,c
003,24.5,c
003,24.583333333333332,c
003,24.666666666666668,c
003,24.75,c
003,24.833333333333332,c
003,24.916666666666668,c
003,25.0,c
003,25.083333333333332,c
003,25.166666666666668,c
003,25.25,c
003,25.333333333333332,c
003,25.416666666666668,c
003,25.5,c
003,25.583333333333332,c
003,25.666666666666668,c
003,25.75,c
003,25.833333333333332,c
003,25.916666666666668,c
003,26.0,c
003,26.083333333333332,c
003,26.166666666666668,c
003,26.25,c
003,26.333333333333332,c
003,26.416666666666668,c
003,26.5,c
003,26.583333333333332,c
003,26.666666666666668,c
003,26.75,c
003,26.833333333333332,c
003,26.916666666666668,c
003,27.0,c
003,27.083333333333332,c
003,27.166666666666668,c
003,27.25,c
003,27.333333333333332,c
003,27.416666666666668,c
003,27.5,c
003,27.583333333333332,c
003,27.666666666666668,c
003,27.75,c
003,27.833333333333332,c
003,27.916666666666668,c
003,28.0,c
003,28.083333333333332,c
003,28.166666666666668,c
003,28.25,c
003,28.333333333333332,c
003,28.416666666666668,c
003,28.5,c
003,28.583333333333332,c
003,28.666666666666668,c
003,28.75,c
003,28.833333333333332,c
003,28.916666666666668,c
003,29.0,c
003,29.083333333333332,c
003,29.166666666666668,c
003,29.25,c
003,29.333333333333332,c
003,29.416666666666668,c
003,29.5,c
003,29.583333333333332,c
003,29.666666666666668,c
003,29.75,c
003,29.833333333333332,c
003,29.916666666666668,c
003,30.0,c
003,end,c
004,0.0,c
004,0.08333333333333333,c
004,0.16666666666666666,c
004,0.25,c
004,0.3333333333333333,c
004,0.4166666666666667,c
004,0.5,c
004,0.5833333333333334,c
004,0.6666666666666666,c
004,0.75,c
004,0.8333333333333334,c
004,0.9166666666666666,c
004,1.0,c
004,1.0833333333333333,c
004,1.1666666666666667,c
004,1.25,c
004,1.3333333333333333,c
004,1.4166666666666667,c
004,1.5,c
004,1.5833333333333333,c
004,1.6666666666666667,c
004,1.75,c
004,1.8333333333333333,c
004,1.9166666666666667,c
004,2.0,c
004,2.0833333333333335,c
004,2.1666666666666665,c
004,2.25,c
004,2.3333333333333335,c
004,2.4166666666666665,c
004,2.5,c
004,2.5833333333333335,c
004,2.6666666666666665,c
004,2.75,c
004,2.8333333333333335,c
004,2.9166666666666665,c
004,3.0,c
004,3.0833333333333335,c
004,3.1666666666666665,c
004,3.25,c
004,3.3333333333333335,c
004,3.4166666666666665,c
004,3.5,c
004,3.5833333333333335,c
004,3.6666666666666665,c
004,3.75,c
004,3.8333333333333335,c
004,3.9166666666666665,c
004,4.0,c
004,4.083333333333333,c
004,4.166666666666667,c
004,4.25,c
004,4.333333333333333,c
004,4.416666666666667,c
004,4.5,c
004,4.583333333333333,c
004,4.666666666666667,c
004,4.75,c
004,4.833333333333333,c
004,4.916666666666667,c
004,5.0,c
004,5.083333333333333,c
004,5.166666666666667,c
004,5.25,c
004,5.333333333333333,c
004,5.416666666666667,c
004,5.5,c
004,5.583333333333333,c
004,5.666666666666667,c
004,5.75,c
004,5.833333333333333,c
004,5.916666666666667,c
004,6.0,c
004,6.083333333333333,c
004,6.166666666666667,c
004,6.25,c
004,6.333333333333333,c
004,6.416666666666667,c
004,6.5,c
004,6.583333333333333,c
004,6.666666666666667,c
004,6.75,c
004,6.833333333333333,c
004,6.916666666666667,c
004,7.0,c
004,7.083333333333333,c
004,7.166666666666667,c
004,7.25,c
004,7.333333333333333,c
004,7.416666666666667,c
004,7.5,c
004,7.583333333333333,c
004,7.666666666666667,c
004,7.75,c
004,7.833333333333333,c
004,7.916666666666667,c
004,8.0,c
004,8.083333333333334,c
004,8.166666666666666,c
004,8.25,c
004,8.333333333333334,c
004,8.416666666666666,c
004,8.5,c
004,8.583333333333334,c
004,8.666666666666666,c
004,8.75,c
004,8.833333333333334,c
004,8.916666666666666,c
004,9.0,c
004,9.083333333333334,c
004,9.166666666666666,c
004,9.25,c
004,9.333333333333334,c
004,9.416666666666666,c
004,9.5,c
004,9.583333333333334,c
004,9.666666666666666,c
004,9.75,c
004,9.833333333333334,c
004,9.916666666666666,c
004,10.0,c
004,10.083333333333334,c
004,10.166666666666666,c
004,10.25,c
004,10.333333333333334,c
004,10.416666666666666,c
004,10.5,c
004,10.583333333333334,c
004,10.666666666666666,c
004,10.75,c
004,10.833333333333334,c
004,10.916666666666666,c
004,11.0,c
004,11.083333333333334,c
004,11.166666666666666,c
004,11.25,c
004,11.333333333333334,c
004,11.416666666666666,c
004,11.5,c
004,11.583333333333334,c
004,11.666666666666666,c
004,11.75,c
004,11.833333333333334,c
004,11.916666666666666,c
004,12.0,c
004,12.083333333333334,c
004,12.166666666666666,c
004,12.25,c
004,12.333333333333334,c
004,12.416666666666666,c
004,12.5,c
004,12.583333333333334,c
004,12.666666666666666,c
004,12.75,c
004,12.833333333333334,c
004,12.916666666666666,c
004,13.0,c
004,13.083333333333334,c
004,end,c
005,0.0,c
005,0.08333333333333333,c
005,0.16666666666666666,c
005,0.25,c
005,0.3333333333333333,c
005,0.4166666666666667,c
005,0.5,c
005,0.5833333333333334,c
005,0.6666666666666666,c
005,0.75,c
005,0.8333333333333334,c
005,0.9166666666666666,c
005,1.0,c
005,1.0833333333333333,c
005,1.1666666666666667,c
005,1.25,c
005,1.3333333333333333,c
005,1.4166666666666667,c
005,1.5,c
005,1.5833333333333333,c
005,1.6666666666666667,c
005,1.75,c
005,1.8333333333333333,c
005,1.9166666666666667,c
005,2.0,c
005,2.0833333333333335,c
005,2.1666666666666665,c
005,2.25,c
005,2.3333333333333335,c
005,2.4166666666666665,c
005,2.5,c
005,2.5833333333333335,c
005,2.6666666666666665,c
005,2.75,c
005,2.8333333333333335,c
005,2.9166666666666665,c
005,3.0,c
005,3.0833333333333335,c
005,3.1666666666666665,c
005,3.25,c
005,3.3333333333333335,c
005,3.4166666666666665,c
005,3.5,c
005,3.5833333333333335,c
005,3.6666666666666665,c
005,3.75,c
005,3.8333333333333335,c
005,3.9166666666666665,c
005,4.0,c
005,4.083333333333333,c
005,4.166666666666667,c
005,4.25,c
005,4.333333333333333,c
005,4.416666666666667,c
005,4.5,c
005,4.583333333333333,c
005,4.666666666666667,c
005,4.75,c
005,4.833333333333333,c
005,4.916666666666667,c
005,5.0,c
005,5.083333333333333,c
005,5.166666666666667,c
005,5.25,c
005,5.333333333333333,c
005,5.416666666666667,c
005,5.5,c
005,5.583333333333333,c
005,5.666666666666667,c
005,5.75,c
005,5.833333333333333,c
005,5.916666666666667,c
005,6.0,c
005,6.083333333333333,c
005,6.166666666666667,c
005,6.25,c
005,6.333333333333333,c
005,6.416666666666667,c
005,6.5,c
005,6.583333333333333,c
005,6.666666666666667,c
005,6.75,c
005,6.833333333333333,c
005,6.916666666666667,c
005,7.0,c
005,7.083333333333333,c
005,7.166666666666667,c
005,7.25,c
005,7.333333333333333,c
005,7.416666666666667,c
005,7.5,c
005,7.583333333333333,c
005,7.666666666666667,c
005,7.75,c
005,7.833333333333333,c
005,7.916666666666667,c
005,8.0,c
005,8.083333333333334,c
005,8.166666666666666,c
005,8.25,c
005,8.333333333333334,c
005,8.416666666666666,c
005,8.5,c
005,8.583333333333334,c
005,8.666666666666666,c
005,8.75,c
005,8.833333333333334,c
005,8.916666666666666,c
005,9.0,c
005,9.083333333333334,c
005,9.166666666666666,c
005,9.25,c
005,9.333333333333334,c
005,9.416666666666666,c
005,9.5,c
005,9.583333333333334,c
005,9.666666666666666,c
005,9.75,c
005,9.833333333333334,c
005,9.916666666666666,c
005,10.0,c
005,10.083333333333334,c
005,10.166666666666666,c
005,10.25,c
005,10.333333333333334,c
005,10.416666666666666,c
005,10.5,c
005,10.583333333333334,c
005,10.666666666666666,c
005,10.75,c
005,10.833333333333334,c
005,10.916666666666666,c
005,11.0,c
005,11.083333333333334,c
005,11.166666666666666,c
005,11.25,c
005,11.333333333333334,c
005,11.416666666666666,c
005,11.5,c
005,11.583333333333334,c
005,11.666666666666666,c
005,11.75,c
005,11.833333333333334,c
005,11.916666666666666,c
005,end,c
006,0.0,e
006,0.08333333333333333,e
006,0.16666666666666666,e
006,0.25,e
006,0.3333333333333333,e
006,0.4166666666666667,e
006,0.5,e
006,0.5833333333333334,e
006,0.6666666666666666,e
006,0.75,e
006,0.8333333333333334,e
006,0.9166666666666666,e
006,1.0,e
006,1.0833333333333333,e
006,1.1666666666666667,e
006,1.25,e
006,1.3333333333333333,e
006,1.4166666666666667,e
006,1.5,e
006,1.5833333333333333,e
006,1.6666666666666667,e
006,1.75,e
006,1.8333333333333333,e
006,1.9166666666666667,e
006,2.0,e
006,2.0833333333333335,e
006,2.1666666666666665,e
006,2.25,e
006,2.3333333333333335,e
006,2.4166666666666665,e
006,2.5,e
006,2.5833333333333335,e
006,2.6666666666666665,e
006,2.75,e
006,2.8333333333333335,e
006,2.9166666666666665,e
006,3.0,e
006,3.0833333333333335,e
006,3.1666666666666665,e
006,3.25,e
006,3.3333333333333335,e
006,3.4166666666666665,e
006,3.5,e
006,3.5833333333333335,e
006,3.6666666666666665,e
006,3.75,e
006,3.8333333333333335,e
006,3.9166666666666665,e
006,4.0,e
006,4.083333333333333,e
006,4.166666666666667,e
006,4.25,e
006,4.333333333333333,e
006,4.416666666666667,e
006,4.5,e
006,4.583333333333333,e
006,4.666666666666667,e
006,4.75,e
006,4.833333333333333,e
006,4.916666666666667,e
006,5.0,e
006,5.083333333333333,e
006,5.166666666666667,e
006,5.25,e
006,5.333333333333333,e
006,5.416666666666667,e
006,5.5,e
006,5.583333333333333,e
006,5.666666666666667,e
006,5.75,e
006,5.833333333333333,e
006,5.916666666666667,e
006,6.0,e
006,6.083333333333333,e
006,6.166666666666667,e
006,6.25,e
006,6.333333333333333,e
006,6.416666666666667,e
006,6.5,e
006,6.583333333333333,e
006,6.666666666666667,e
006,6.75,e
006,6.833333333333333,e
006,6.916666666666667,e
006,7.0,e
006,7.083333333333333,e
006,7.166666666666667,e
006,7.25,e
006,7.333333333333333,e
006,7.416666666666667,e
006,7.5,e
006,7.583333333333333,e
006,7.666666666666667,e
006,7.75,e
006,7.833333333333333,e
006,7.916666666666667,e
006,8.0,e
006,8.083333333333334,e
006,8.166666666666666,e
006,8.25,e
006,8.333333333333334,e
006,8.416666666666666,e
006,8.5,e
006,8.583333333333334,e
006,8.666666666666666,e
006,8.75,e
006,8.833333333333334,e
006,8.916666666666666,e
006,9.0,e
006,9.083333333333334,e
006,9.166666666666666,e
006,9.25,e
006,9.333333333333334,e
006,9.416666666666666,e
006,9.5,e
006,9.583333333333334,e
006,9.666666666666666,e
006,9.75,e
006,9.833333333333334,e
006,9.916666666666666,e
006,10.0,e
006,10.083333333333334,e
006,10.166666666666666,e
006,10.25,e
006,10.333333333333334,e
006,10.416666666666666,e
006,10.5,e
006,10.583333333333334,e
006,10.666666666666666,e
006,10.75,e
006,10.833333333333334,e
006,10.916666666666666,e
006,11.0,e
006,11.083333333333334,e
006,11.166666666666666,e
006,11.25,e
006,11.333333333333334,e
006,11.416666666666666,e
006,11.5,e
006,11.583333333333334,e
006,11.666666666666666,e
006,end,e
007,0.0,e
007,0.08333333333333333,e
007,0.16666666666666666,e
007,0.25,e
007,0.3333333333333333,e
007,0.4166666666666667,e
007,0.5,e
007,0.5833333333333334,e
007,0.6666666666666666,e
007,0.75,e
007,0.8333333333333334,e
007,0.9166666666666666,e
007,1.0,e
007,1.0833333333333333,e
007,1.1666666666666667,e
007,1.25,e
007,1.3333333333333333,e
007,1.4166666666666667,e
007,1.5,e
007,1.5833333333333333,e
007,1.6666666666666667,e
007,1.75,e
007,1.8333333333333333,e
007,1.9166666666666667,e
007,2.0,e
007,2.0833333333333335,e
007,2.1666666666666665,e
007,2.25,e
007,2.3333333333333335,e
007,2.4166666666666665,e
007,2.5,e
007,2.5833333333333335,e
007,2.6666666666666665,e
007,2.75,e
007,2.8333333333333335,e
007,2.9166666666666665,e
007,3.0,e
007,3.0833333333333335,e
007,3.1666666666666665,e
007,3.25,e
007,3.3333333333333335,e
007,3.4166666666666665,e
007,3.5,e
007,3.5833333333333335,e
007,3.6666666666666665,e
007,3.75,e
007,3.8333333333333335,e
007,3.9166666666666665,e
007,4.0,e
007,4.083333333333333,e
007,4.166666666666667,e
007,4.25,e
007,4.333333333333333,e
007,4.416666666666667,e
007,4.5,e
007,4.583333333333333,e
007,4.666666666666667,e
007,4.75,e
007,4.833333333333333,e
007,4.916666666666667,e
007,5.0,e
007,5.083333333333333,e
007,5.166666666666667,e
007,5.25,e
007,5.333333333333333,e
007,5.416666666666667,e
007,5.5,e
007,5.583333333333333,e
007,5.666666666666667,e
007,5.75,e
007,5.833333333333333,e
007,5.916666666666667,e
007,6.0,e
007,6.083333333333333,e
007,6.166666666666667,e
007,6.25,e
007,6.333333333333333,e
007,6.416666666666667,e
007,6.5,e
007,6.583333333333333,e
007,6.666666666666667,e
007,6.75,e
007,6.833333333333333,e
007,6.916666666666667,e
007,7.0,e
007,7.083333333333333,e
007,7.166666666666667,e
007,7.25,e
007,7.333333333333333,e
007,7.416666666666667,e
007,7.5,e
007,7.583333333333333,e
007,7.666666666666667,e
007,7.75,e
007,7.833333333333333,e
007,7.916666666666667,e
007,8.0,e
007,8.083333333333334,e
007,8.166666666666666,e
007,8.25,e
007,8.333333333333334,e
007,8.416666666666666,e
007,8.5,e
007,8.583333333333334,e
007,8.666666666666666,e
007,8.75,e
007,8.833333333333334,e
007,8.916666666666666,e
007,9.0,e
007,9.083333333333334,e
007,9.166666666666666,e
007,9.25,e
007,9.333333333333334,e
007,9.416666666666666,e
007,9.5,e
007,9.583333333333334,e
007,9.666666666666666,e
007,9.75,e
007,9.833333333333334,e
007,9.916666666666666,e
007,10.0,e
007,10.083333333333334,e
007,10.166666666666666,e
007,10.25,e
007,10.333333333333334,e
007,10.416666666666666,e
007,10.5,e
007,10.583333333333334,e
007,10.666666666666666,e
007,10.75,e
007,10.833333333333334,e
007,10.916666666666666,e
007,11.0,e
007,11.083333333333334,e
007,11.166666666666666,e
007,11.25,e
007,11.333333333333334,e
007,11.416666666666666,e
007,11.5,e
007,11.583333333333334,e
007,11.666666666666666,e
007,11.75,e
007,11.833333333333334,e
007,11.916666666666666,e
007,12.0,e
007,12.083333333333334,e
007,12.166666666666666,e
007,12.25,e
007,12.333333333333334,e
007,12.416666666666666,e
007,12.5,e
007,12.583333333333334,e
007,12.666666666666666,e
007,12.75,e
007,12.833333333333334,e
007,12.916666666666666,e
007,13.0,e
007,end,e
008,0.0,e
008,0.08333333333333333,e
008,0.16666666666666666,e
008,0.25,e
008,0.3333333333333333,e
008,0.4166666666666667,e
008,0.5,e
008,0.5833333333333334,e
008,0.6666666666666666,e
008,0.75,e
008,0.8333333333333334,e
008,0.9166666666666666,e
008,1.0,e
008,1.0833333333333333,e
008,1.1666666666666667,e
008,1.25,e
008,1.3333333333333333,e
008,1.4166666666666667,e
008,1.5,e
008,1.5833333333333333,e
008,1.6666666666666667,e
008,1.75,e
008,1.8333333333333333,e
008,1.9166666666666667,e
008,2.0,e
008,2.0833333333333335,e
008,2.1666666666666665,e
008,2.25,e
008,2.3333333333333335,e
008,2.4166666666666665,e
008,2.5,e
008,2.5833333333333335,e
008,2.6666666666666665,e
008,2.75,e
008,2.8333333333333335,e
008,2.9166666666666665,e
008,3.0,e
008,3.0833333333333335,e
008,3.1666666666666665,e
008,3.25,e
008,3.3333333333333335,e
008,3.4166666666666665,e
008,3.5,e
008,3.5833333333333335,e
008,3.6666666666666665,e
008,3.75,e
008,3.8333333333333335,e
008,3.9166666666666665,e
008,4.0,e
008,4.083333333333333,e
008,4.166666666666667,e
008,4.25,e
008,4.333333333333333,e
008,4.416666666666667,e
008,4.5,e
008,4.583333333333333,e
008,4.666666666666667,e
008,4.75,e
008,4.833333333333333,e
008,4.916666666666667,e
008,5.0,e
008,5.083333333333333,e
008,5.166666666666667,e
008,5.25,e
008,5.333333333333333,e
008,5.416666666666667,e
008,5.5,e
008,5.583333333333333,e
008,5.666666666666667,e
008,5.75,e
008,5.833333333333333,e
008,5.916666666666667,e
008,6.0,e
008,6.083333333333333,e
008,6.166666666666667,e
008,6.25,e
008,6.333333333333333,e
008,6.416666666666667,e
008,6.5,e
008,6.583333333333333,e
008,6.666666666666667,e
008,6.75,e
008,6.833333333333333,e
008,6.916666666666667,e
008,7.0,e
008,7.083333333333333,e
008,7.166666666666667,e
008,7.25,e
008,7.333333333333333,e
008,7.416666666666667,e
008,7.5,e
008,7.583333333333333,e
008,7.666666666666667,e
008,7.75,e
008,7.833333333333333,e
008,7.916666666666667,e
008,8.0,e
008,8.083333333333334,e
008,8.166666666666666,e
008,8.25,e
008,8.333333333333334,e
008,8.416666666666666,e
008,8.5,e
008,8.583333333333334,e
008,8.666666666666666,e
008,8.75,e
008,8.833333333333334,e
008,8.916666666666666,e
008,9.0,e
008,9.083333333333334,e
008,9.166666666666666,e
008,9.25,e
008,9.333333333333334,e
008,9.416666666666666,e
008,9.5,e
008,9.583333333333334,e
008,9.666666666666666,e
008,9.75,e
008,9.833333333333334,e
008,9.916666666666666,e
008,10.0,e
008,10.083333333333334,e
008,10.166666666666666,e
008,10.25,e
008,10.333333333333334,e
008,10.416666666666666,e
008,10.5,e
008,10.583333333333334,e
008,10.666666666666666,e
008,10.75,e
008,10.833333333333334,e
008,10.916666666666666,e
008,11.0,e
008,11.083333333333334,e
008,11.166666666666666,e
008,11.25,e
008,11.333333333333334,e
008,11.416666666666666,e
008,11.5,e
008,11.583333333333334,e
008,11.666666666666666,e
008,11.75,e
008,11.833333333333334,e
008,11.916666666666666,e
008,12.0,e
008,12.083333333333334,e
008,12.166666666666666,e
008,12.25,e
008,12.333333333333334,e
008,12.416666666666666,e
008,12.5,e
008,12.583333333333334,e
008,12.666666666666666,e
008,12.75,e
008,12.833333333333334,e
008,12.916666666666666,e
008,13.0,e
008,13.083333333333334,e
008,13.166666666666666,e
008,13.25,e
008,13.333333333333334,e
008,13.416666666666666,e
008,13.5,e
008,13.583333333333334,e
008,13.666666666666666,e
008,13.75,e
008,13.833333333333334,e
008,13.916666666666666,e
008,14.0,e
008,14.083333333333334,e
008,14.166666666666666,e
008,14.25,e
008,14.333333333333334,e
008,14.416666666666666,e
008,14.5,e
008,14.583333333333334,e
008,14.666666666666666,e
008,14.75,e
008,14.833333333333334,e
008,14.916666666666666,e
008,15.0,e
008,15.083333333333334,e
008,15.166666666666666,e
008,15.25,e
008,15.333333333333334,e
008,15.416666666666666,e
008,15.5,e
008,15.583333333333334,e
008,15.666666666666666,e
008,15.75,e
008,15.833333333333334,e
008,15.916666666666666,e
008,16.0,e
008,16.083333333333332,e
008,16.166666666666668,e
008,16.25,e
008,16.333333333333332,e
008,16.416666666666668,e
008,16.5,e
008,16.583333333333332,e
008,16.666666666666668,e
008,16.75,e
008,16.833333333333332,e
008,16.916666666666668,e
008,17.0,e
008,17.083333333333332,e
008,17.166666666666668,e
008,17.25,e
008,17.333333333333332,e
008,17.416666666666668,e
008,17.5,e
008,17.583333333333332,e
008,17.666666666666668,e
008,17.75,e
008,17.833333333333332,e
008,17.916666666666668,e
008,18.0,e
008,18.083333333333332,e
008,18.166666666666668,e
008,18.25,e
008,18.333333333333332,e
008,18.416666666666668,e
008,18.5,e
008,18.583333333333332,e
008,18.666666666666668,e
008,18.75,e
008,18.833333333333332,e
008,18.916666666666668,e
008,19.0,e
008,19.083333333333332,e
008,19.166666666666668,e
008,19.25,e
008,19.333333333333332,e
008,19.416666666666668,e
008,19.5,e
008,19.583333333333332,e
008,19.666666666666668,e
008,19.75,e
008,19.833333333333332,e
008,19.916666666666668,e
008,20.0,e
008,20.083333333333332,e
008,20.166666666666668,e
008,20.25,e
008,20.333333333333332,e
008,20.416666666666668,e
008,20.5,e
008,20.583333333333332,e
008,20.666666666666668,e
008,20.75,e
008,20.833333333333332,e
008,20.916666666666668,e
008,21.0,e
008,21.083333333333332,e
008,21.166666666666668,e
008,21.25,e
008,21.333333333333332,e
008,21.416666666666668,e
008,21.5,e
008,21.583333333333332,e
008,21.666666666666668,e
008,21.75,e
008,21.833333333333332,e
008,21.916666666666668,e
008,22.0,e
008,22.083333333333332,e
008,22.166666666666668,e
008,22.25,e
008,22.333333333333332,e
008,22.416666666666668,e
008,22.5,e
008,22.583333333333332,e
008,22.666666666666668,e
008,22.75,e
008,22.833333333333332,e
008,22.916666666666668,e
008,23.0,e
008,23.083333333333332,e
008,23.166666666666668,e
008,23.25,e
008,23.333333333333332,e
008,23.416666666666668,e
008,23.5,e
008,23.583333333333332,e
008,23.666666666666668,e
008,23.75,e
008,23.833333333333332,e
008,23.916666666666668,e
008,24.0,e
008,24.083333333333332,e
008,24.166666666666668,e
008,end,e
009,0.0,e
009,0.08333333333333333,e
009,0.16666666666666666,e
009,0.25,e
009,0.3333333333333333,e
009,0.4166666666666667,e
009,0.5,e
009,0.5833333333333334,e
009,0.6666666666666666,e
009,0.75,e
009,0.8333333333333334,e
009,0.9166666666666666,e
009,1.0,e
009,1.0833333333333333,e
009,1.1666666666666667,e
009,1.25,e
009,1.3333333333333333,e
009,1.4166666666666667,e
009,1.5,e
009,1.5833333333333333,e
009,1.6666666666666667,e
009,1.75,e
009,1.8333333333333333,e
009,1.9166666666666667,e
009,2.0,e
009,2.0833333333333335,e
009,2.1666666666666665,e
009,2.25,e
009,2.3333333333333335,e
009,2.4166666666666665,e
009,2.5,e
009,2.5833333333333335,e
009,2.6666666666666665,e
009,2.75,e
009,2.8333333333333335,e
009,2.9166666666666665,e
009,3.0,e
009,3.0833333333333335,e
009,3.1666666666666665,e
009,3.25,e
009,3.3333333333333335,e
009,3.4166666666666665,e
009,3.5,e
009,3.5833333333333335,e
009,3.6666666666666665,e
009,3.75,e
009,3.8333333333333335,e
009,3.9166666666666665,e
009,4.0,e
009,4.083333333333333,e
009,4.166666666666667,e
009,4.25,e
009,4.333333333333333,e
009,4.416666666666667,e
009,4.5,e
009,4.583333333333333,e
009,4.666666666666667,e
009,4.75,e
009,4.833333333333333,e
009,4.916666666666667,e
009,5.0,e
009,5.083333333333333,e
009,5.166666666666667,e
009,5.25,e
009,5.333333333333333,e
009,5.416666666666667,e
009,5.5,e
009,5.583333333333333,e
009,5.666666666666667,e
009,5.75,e
009,5.833333333333333,e
009,5.916666666666667,e
009,6.0,e
009,6.083333333333333,e
009,6.166666666666667,e
009,6.25,e
009,6.333333333333333,e
009,6.416666666666667,e
009,6.5,e
009,6.583333333333333,e
009,6.666666666666667,e
009,6.75,e
009,6.833333333333333,e
009,6.916666666666667,e
009,7.0,e
009,7.083333333333333,e
009,7.166666666666667,e
009,7.25,e
009,7.333333333333333,e
009,7.416666666666667,e
009,7.5,e
009,7.583333333333333,e
009,7.666666666666667,e
009,7.75,e
009,7.833333333333333,e
009,7.916666666666667,e
009,8.0,e
009,8.083333333333334,e
009,8.166666666666666,e
009,8.25,e
009,8.333333333333334,e
009,8.416666666666666,e
009,8.5,e
009,8.583333333333334,e
009,8.666666666666666,e
009,8.75,e
009,8.833333333333334,e
009,8.916666666666666,e
009,9.0,e
009,9.083333333333334,e
009,9.166666666666666,e
009,9.25,e
009,9.333333333333334,e
009,9.416666666666666,e
009,9.5,e
009,9.583333333333334,e
009,9.666666666666666,e
009,9.75,e
009,9.833333333333334,e
009,9.916666666666666,e
009,10.0,e
009,10.083333333333334,e
009,10.166666666666666,e
009,10.25,e
009,10.333333333333334,e
009,10.416666666666666,e
009,10.5,e
009,10.583333333333334,e
009,10.666666666666666,e
009,10.75,e
009,10.833333333333334,e
009,10.916666666666666,e
009,11.0,e
009,11.083333333333334,e
009,11.166666666666666,e
009,11.25,e
009,11.333333333333334,e
009,11.416666666666666,e
009,11.5,e
009,11.583333333333334,e
009,11.666666666666666,e
009,11.75,e
009,11.833333333333334,e
009,11.916666666666666,e
009,12.0,e
009,12.083333333333334,e
009,12.166666666666666,e
009,12.25,e
009,12.333333333333334,e
009,12.416666666666666,e
009,12.5,e
009,12.583333333333334,e
009,12.666666666666666,e
009,12.75,e
009,end,e
010,0.0,h
010,0.08333333333333333,h
010,0.16666666666666666,h
010,0.25,h
010,0.3333333333333333,h
010,0.4166666666666667,h
010,0.5,h
010,0.5833333333333334,h
010,0.6666666666666666,h
010,0.75,h
010,0.8333333333333334,h
010,0.9166666666666666,h
010,1.0,h
010,1.0833333333333333,h
010,1.1666666666666667,h
010,1.25,h
010,1.3333333333333333,h
010,1.4166666666666667,h
010,1.5,h
010,1.5833333333333333,h
010,1.6666666666666667,h
010,1.75,h
010,1.8333333333333333,h
010,1.9166666666666667,h
010,2.0,h
010,2.0833333333333335,h
010,2.1666666666666665,h
010,2.25,h
010,2.3333333333333335,h
010,2.4166666666666665,h
010,2.5,h
010,2.5833333333333335,h
010,2.6666666666666665,h
010,2.75,h
010,2.8333333333333335,h
010,2.9166666666666665,h
010,3.0,h
010,3.0833333333333335,h
010,3.1666666666666665,h
010,3.25,h
010,3.3333333333333335,h
010,3.4166666666666665,h
010,3.5,h
010,3.5833333333333335,h
010,3.6666666666666665,h
010,3.75,h
010,3.8333333333333335,h
010,3.9166666666666665,h
010,4.0,h
010,4.083333333333333,h
010,4.166666666666667,h
010,4.25,h
010,4.333333333333333,h
010,4.416666666666667,h
010,4.5,h
010,4.583333333333333,h
010,4.666666666666667,h
010,4.75,h
010,4.833333333333333,h
010,4.916666666666667,h
010,5.0,h
010,5.083333333333333,h
010,5.166666666666667,h
010,5.25,h
010,5.333333333333333,h
010,5.416666666666667,h
010,5.5,h
010,5.583333333333333,h
010,5.666666666666667,h
010,5.75,h
010,5.833333333333333,h
010,5.916666666666667,h
010,6.0,h
010,6.083333333333333,h
010,6.166666666666667,h
010,6.25,h
010,6.333333333333333,h
010,6.416666666666667,h
010,6.5,h
010,6.583333333333333,h
010,6.666666666666667,h
010,6.75,h
010,6.833333333333333,h
010,6.916666666666667,h
010,7.0,h
010,7.083333333333333,h
010,7.166666666666667,h
010,7.25,h
010,7.333333333333333,h
010,7.416666666666667,h
010,7.5,h
010,7.583333333333333,h
010,7.666666666666667,h
010,7.75,h
010,7.833333333333333,h
010,7.916666666666667,h
010,8.0,h
010,8.083333333333334,h
010,8.166666666666666,h
010,8.25,h
010,8.333333333333334,h
010,8.416666666666666,h
010,8.5,h
010,8.583333333333334,h
010,8.666666666666666,h
010,8.75,h
010,8.833333333333334,h
010,8.916666666666666,h
010,9.0,h
010,9.083333333333334,h
010,9.166666666666666,h
010,9.25,h
010,9.333333333333334,h
010,9.416666666666666,h
010,9.5,h
010,9.583333333333334,h
010,9.666666666666666,h
010,9.75,h
010,9.833333333333334,h
010,9.916666666666666,h
010,10.0,h
010,10.083333333333334,h
010,10.166666666666666,h
010,10.25,h
010,10.333333333333334,h
010,10.416666666666666,h
010,10.5,h
010,10.583333333333334,h
010,10.666666666666666,h
010,10.75,h
010,10.833333333333334,h
010,10.916666666666666,h
010,11.0,h
010,end,h
011,0.0,b
011,0.08333333333333333,b
011,0.16666666666666666,b
011,0.25,b
011,0.3333333333333333,b
011,0.4166666666666667,b
011,0.5,b
011,0.5833333333333334,b
011,0.6666666666666666,b
011,0.75,b
011,0.8333333333333334,b
011,0.9166666666666666,b
011,1.0,b
011,1.0833333333333333,b
011,1.1666666666666667,b
011,1.25,b
011,1.3333333333333333,b
011,1.4166666666666667,b
011,1.5,b
011,1.5833333333333333,b
011,1.6666666666666667,b
011,1.75,b
011,1.8333333333333333,b
011,1.9166666666666667,b
011,2.0,b
011,2.0833333333333335,b
011,2.1666666666666665,b
011,2.25,b
011,2.3333333333333335,b
011,2.4166666666666665,b
011,2.5,b
011,2.5833333333333335,b
011,2.6666666666666665,b
011,2.75,b
011,2.8333333333333335,b
011,2.9166666666666665,b
011,3.0,b
011,3.0833333333333335,b
011,3.1666666666666665,b
011,3.25,b
011,3.3333333333333335,b
011,3.4166666666666665,b
011,3.5,b
011,3.5833333333333335,b
011,3.6666666666666665,b
011,3.75,b
011,3.8333333333333335,b
011,3.9166666666666665,b
011,4.0,b
011,4.083333333333333,b
011,4.166666666666667,b
011,4.25,b
011,4.333333333333333,b
011,4.416666666666667,b
011,4.5,b
011,4.583333333333333,b
011,4.666666666666667,b
011,4.75,b
011,4.833333333333333,b
011,4.916666666666667,b
011,5.0,b
011,5.083333333333333,b
011,5.166666666666667,b
011,5.25,b
011,5.333333333333333,b
011,5.416666666666667,b
011,5.5,b
011,5.583333333333333,b
011,5.666666666666667,b
011,5.75,b
011,5.833333333333333,b
011,5.916666666666667,b
011,6.0,b
011,6.083333333333333,b
011,6.166666666666667,b
011,6.25,b
011,6.333333333333333,b
011,6.416666666666667,b
011,6.5,b
011,6.583333333333333,b
011,6.666666666666667,b
011,6.75,b
011,6.833333333333333,b
011,6.916666666666667,b
011,7.0,b
011,7.083333333333333,b
011,7.166666666666667,b
011,7.25,b
011,7.333333333333333,b
011,7.416666666666667,b
011,7.5,b
011,7.583333333333333,b
011,7.666666666666667,b
011,7.75,b
011,7.833333333333333,b
011,7.916666666666667,b
011,8.0,b
011,8.083333333333334,b
011,8.166666666666666,b
011,8.25,b
011,8.333333333333334,b
011,8.416666666666666,b
011,8.5,b
011,8.583333333333334,b
011,8.666666666666666,b
011,8.75,b
011,8.833333333333334,b
011,8.916666666666666,b
011,9.0,b
011,9.083333333333334,b
011,9.166666666666666,b
011,9.25,b
011,9.333333333333334,b
011,9.416666666666666,b
011,9.5,b
011,9.583333333333334,b
011,9.666666666666666,b
011,9.75,b
011,9.833333333333334,b
011,9.916666666666666,b
011,10.0,b
011,10.083333333333334,b
011,10.166666666666666,b
011,10.25,b
011,10.333333333333334,b
011,10.416666666666666,b
011,10.5,b
011,10.583333333333334,b
011,10.666666666666666,b
011,10.75,b
011,10.833333333333334,b
011,10.916666666666666,b
011,end,b
012,0.0,b
012,0.08333333333333333,b
012,0.16666666666666666,b
012,0.25,b
012,0.3333333333333333,b
012,0.4166666666666667,b
012,0.5,b
012,0.5833333333333334,b
012,0.6666666666666666,b
012,0.75,b
012,0.8333333333333334,b
012,0.9166666666666666,b
012,1.0,b
012,1.0833333333333333,b
012,1.1666666666666667,b
012,1.25,b
012,1.3333333333333333,b
012,1.4166666666666667,b
012,1.5,b
012,1.5833333333333333,b
012,1.6666666666666667,b
012,1.75,b
012,1.8333333333333333,b
012,1.9166666666666667,b
012,2.0,b
012,2.0833333333333335,b
012,2.1666666666666665,b
012,2.25,b
012,2.3333333333333335,b
012,2.4166666666666665,b
012,2.5,b
012,2.5833333333333335,b
012,2.6666666666666665,b
012,2.75,b
012,2.8333333333333335,b
012,2.9166666666666665,b
012,3.0,b
012,3.0833333333333335,b
012,3.1666666666666665,b
012,3.25,b
012,3.3333333333333335,b
012,3.4166666666666665,b
012,3.5,b
012,3.5833333333333335,b
012,3.6666666666666665,b
012,3.75,b
012,3.8333333333333335,b
012,3.9166666666666665,b
012,4.0,b
012,4.083333333333333,b
012,4.166666666666667,b
012,4.25,b
012,4.333333333333333,b
012,4.416666666666667,b
012,4.5,b
012,4.583333333333333,b
012,4.666666666666667,b
012,4.75,b
012,4.833333333333333,b
012,4.916666666666667,b
012,5.0,b
012,5.083333333333333,b
012,5.166666666666667,b
012,5.25,b
012,5.333333333333333,b
012,5.416666666666667,b
012,5.5,b
012,5.583333333333333,b
012,5.666666666666667,b
012,5.75,b
012,5.833333333333333,b
012,5.916666666666667,b
012,6.0,b
012,6.083333333333333,b
012,6.166666666666667,b
012,6.25,b
012,6.333333333333333,b
012,6.416666666666667,b
012,6.5,b
012,6.583333333333333,b
012,6.666666666666667,b
012,6.75,b
012,6.833333333333333,b
012,6.916666666666667,b
012,7.0,b
012,7.083333333333333,b
012,7.166666666666667,b
012,7.25,b
012,7.333333333333333,b
012,7.416666666666667,b
012,7.5,b
012,7.583333333333333,b
012,7.666666666666667,b
012,7.75,b
012,7.833333333333333,b
012,7.916666666666667,b
012,8.0,b
012,8.083333333333334,b
012,8.166666666666666,b
012,8.25,b
012,8.333333333333334,b
012,8.416666666666666,b
012,8.5,b
012,8.583333333333334,b
012,8.666666666666666,b
012,8.75,b
012,8.833333333333334,b
012,8.916666666666666,b
012,9.0,b
012,9.083333333333334,b
012,9.166666666666666,b
012,9.25,b
012,9.333333333333334,b
012,9.416666666666666,b
012,9.5,b
012,9.583333333333334,b
012,9.666666666666666,b
012,9.75,b
012,9.833333333333334,b
012,9.916666666666666,b
012,10.0,b
012,10.083333333333334,b
012,10.166666666666666,b
012,10.25,b
012,10.333333333333334,b
012,10.416666666666666,b
012,10.5,b
012,10.583333333333334,b
012,10.666666666666666,b
012,10.75,b
012,10.833333333333334,b
012,10.916666666666666,b
012,11.0,b
012,11.083333333333334,b
012,11.166666666666666,b
012,11.25,b
012,11.333333333333334,b
012,11.416666666666666,b
012,11.5,b
012,11.583333333333334,b
012,11.666666666666666,b
012,11.75,b
012,11.833333333333334,b
012,11.916666666666666,b
012,12.0,b
012,12.083333333333334,b
012,12.166666666666666,b
012,12.25,b
012,12.333333333333334,b
012,12.416666666666666,b
012,12.5,b
012,12.583333333333334,b
012,12.666666666666666,b
012,12.75,b
012,12.833333333333334,b
012,12.916666666666666,b
012,13.0,b
012,13.083333333333334,b
012,13.166666666666666,b
012,13.25,b
012,13.333333333333334,b
012,13.416666666666666,b
012,13.5,b
012,13.583333333333334,b
012,13.666666666666666,b
012,13.75,b
012,13.833333333333334,b
012,13.916666666666666,b
012,14.0,b
012,14.083333333333334,b
012,14.166666666666666,b
012,14.25,b
012,14.333333333333334,b
012,14.416666666666666,b
012,14.5,b
012,14.583333333333334,b
012,14.666666666666666,b
012,14.75,b
012,14.833333333333334,b
012,14.916666666666666,b
012,15.0,b
012,15.083333333333334,b
012,15.166666666666666,b
012,15.25,b
012,15.333333333333334,b
012,15.416666666666666,b
012,15.5,b
012,15.583333333333334,b
012,15.666666666666666,b
012,15.75,b
012,15.833333333333334,b
012,15.916666666666666,b
012,16.0,b
012,16.083333333333332,b
012,16.166666666666668,b
012,16.25,b
012,16.333333333333332,b
012,16.416666666666668,b
012,16.5,b
012,16.583333333333332,b
012,16.666666666666668,b
012,end,b
013,0.0,b
013,0.08333333333333333,b
013,0.16666666666666666,b
013,0.25,b
013,0.3333333333333333,b
013,0.4166666666666667,b
013,0.5,b
013,0.5833333333333334,b
013,0.6666666666666666,b
013,0.75,b
013,0.8333333333333334,b
013,0.9166666666666666,b
013,1.0,b
013,1.0833333333333333,b
013,1.1666666666666667,b
013,1.25,b
013,1.3333333333333333,b
013,1.4166666666666667,b
013,1.5,b
013,1.5833333333333333,b
013,1.6666666666666667,b
013,1.75,b
013,1.8333333333333333,b
013,1.9166666666666667,b
013,2.0,b
013,2.0833333333333335,b
013,2.1666666666666665,b
013,2.25,b
013,2.3333333333333335,b
013,2.4166666666666665,b
013,2.5,b
013,2.5833333333333335,b
013,2.6666666666666665,b
013,2.75,b
013,2.8333333333333335,b
013,2.9166666666666665,b
013,3.0,b
013,3.0833333333333335,b
013,3.1666666666666665,b
013,3.25,b
013,3.3333333333333335,b
013,3.4166666666666665,b
013,3.5,b
013,3.5833333333333335,b
013,3.6666666666666665,b
013,3.75,b
013,3.8333333333333335,b
013,3.9166666666666665,b
013,4.0,b
013,4.083333333333333,b
013,4.166666666666667,b
013,4.25,b
013,4.333333333333333,b
013,4.416666666666667,b
013,4.5,b
013,4.583333333333333,b
013,4.666666666666667,b
013,4.75,b
013,4.833333333333333,b
013,4.916666666666667,b
013,5.0,b
013,5.083333333333333,b
013,5.166666666666667,b
013,5.25,b
013,5.333333333333333,b
013,5.416666666666667,b
013,5.5,b
013,5.583333333333333,b
013,5.666666666666667,b
013,5.75,b
013,5.833333333333333,b
013,5.916666666666667,b
013,6.0,b
013,6.083333333333333,b
013,6.166666666666667,b
013,6.25,b
013,6.333333333333333,b
013,6.416666666666667,b
013,6.5,b
013,6.583333333333333,b
013,6.666666666666667,b
013,6.75,b
013,6.833333333333333,b
013,6.916666666666667,b
013,7.0,b
013,7.083333333333333,b
013,7.166666666666667,b
013,7.25,b
013,7.333333333333333,b
013,7.416666666666667,b
013,7.5,b
013,7.583333333333333,b
013,7.666666666666667,b
013,7.75,b
013,7.833333333333333,b
013,7.916666666666667,b
013,8.0,b
013,8.083333333333334,b
013,8.166666666666666,b
013,8.25,b
013,8.333333333333334,b
013,8.416666666666666,b
013,8.5,b
013,8.583333333333334,b
013,8.666666666666666,b
013,8.75,b
013,8.833333333333334,b
013,8.916666666666666,b
013,9.0,b
013,9.083333333333334,b
013,9.166666666666666,b
013,9.25,b
013,9.333333333333334,b
013,9.416666666666666,b
013,9.5,b
013,9.583333333333334,b
013,9.666666666666666,b
013,9.75,b
013,9.833333333333334,b
013,9.916666666666666,b
013,10.0,b
013,10.083333333333334,b
013,10.166666666666666,b
013,10.25,b
013,10.333333333333334,b
013,10.416666666666666,b
013,10.5,b
013,10.583333333333334,b
013,10.666666666666666,b
013,10.75,b
013,10.833333333333334,b
013,10.916666666666666,b
013,11.0,b
013,11.083333333333334,b
013,11.166666666666666,b
013,11.25,b
013,11.333333333333334,b
013,11.416666666666666,b
013,11.5,b
013,11.583333333333334,b
013,11.666666666666666,b
013,11.75,b
013,11.833333333333334,b
013,11.916666666666666,b
013,12.0,b
013,12.083333333333334,b
013,12.166666666666666,b
013,12.25,b
013,12.333333333333334,b
013,12.416666666666666,b
013,12.5,b
013,12.583333333333334,b
013,12.666666666666666,b
013,12.75,b
013,12.833333333333334,b
013,12.916666666666666,b
013,13.0,b
013,13.083333333333334,b
013,13.166666666666666,b
013,13.25,b
013,13.333333333333334,b
013,13.416666666666666,b
013,13.5,b
013,13.583333333333334,b
013,13.666666666666666,b
013,13.75,b
013,13.833333333333334,b
013,13.916666666666666,b
013,14.0,b
013,14.083333333333334,b
013,14.166666666666666,b
013,14.25,b
013,14.333333333333334,b
013,14.416666666666666,b
013,14.5,b
013,14.583333333333334,b
013,14.666666666666666,b
013,14.75,b
013,14.833333333333334,b
013,14.916666666666666,b
013,15.0,b
013,15.083333333333334,b
013,15.166666666666666,b
013,15.25,b
013,15.333333333333334,b
013,15.416666666666666,b
013,15.5,b
013,15.583333333333334,b
013,15.666666666666666,b
013,15.75,b
013,15.833333333333334,b
013,15.916666666666666,b
013,16.0,b
013,16.083333333333332,b
013,16.166666666666668,b
013,16.25,b
013,16.333333333333332,b
013,16.416666666666668,b
013,16.5,b
013,16.583333333333332,b
013,16.666666666666668,b
013,16.75,b
013,16.833333333333332,b
013,16.916666666666668,b
013,17.0,b
013,17.083333333333332,b
013,17.166666666666668,b
013,17.25,b
013,17.333333333333332,b
013,17.416666666666668,b
013,end,b
